Id,Price
1109,241008.64999151524
5304,165023.15719881526
7077,254765.9051850416
2199,163212.96065790407
5205,200821.9750125716
3243,298036.36656665785
9200,283137.28671785037
9729,438639.61459625984
9271,192109.21207493497
1391,175224.49673414172
8475,251159.6254300701
3384,186365.8730729204
4996,172025.89158004345
2387,299712.1677246136
3616,105660.69074596252
9884,124259.3031261597
1285,198318.4786721816
6097,402882.1232768272
3953,193509.65883296556
4596,192134.05554476046
9588,174198.342299808
9832,102069.9536394781
5794,159188.42934188893
8951,162764.0586936424
9191,213217.7354448725
2431,210669.80686028584
9673,186295.83177405084
5139,207156.3788445573
8132,273637.45790232264
3350,168558.78381763506
52,188278.9669872498
4515,68145.75828932882
5279,141294.80544131566
4885,369522.0539853336
5219,147369.23590272415
9663,280957.5674902078
9155,107199.80932957983
97,322321.04329539585
5752,217827.96179722674
8303,129892.5691470837
1436,191613.39421044
7055,216721.83187297353
5451,396438.8277171518
7895,178958.0380993371
6241,191889.66037928575
4729,210461.6755055603
2034,221855.77964187716
8500,146882.5818029297
900,171167.9944373526
4917,178806.81482275997
6318,134756.48059716396
3606,145651.74555500338
8441,145370.08945084485
4316,145682.25210075596
8708,204855.20879762562
2714,250877.831343722
2329,112639.31111893438
9187,428060.7299498986
2792,122659.75946730953
3746,244745.6050412653
1199,127031.08659406185
1312,203518.95751604857
5972,241306.15119018106
4541,148135.7268465863
4064,186605.49397259593
9710,293045.18372743984
3817,308312.76371471107
2547,127008.67544732601
2193,161446.2564091526
3033,262234.43235195935
4267,202292.50542401406
4160,213049.1352564823
7861,91779.14420812644
3060,213519.01110525976
7134,130617.32509976026
5292,216264.4121180691
7848,200230.16484559432
5795,264163.4247107611
9005,280606.26901446725
1195,422761.34829871595
608,146479.18969296297
680,414842.1979666994
5486,182814.30497162452
8750,206646.45581587806
623,170292.2521666702
9439,103006.98432853667
6113,209630.55969303707
4523,235713.02873680834
2689,207712.84225404682
9778,353393.49487989553
2912,268080.5323141609
9243,265969.9227677758
9549,310975.62953191536
2655,184451.04889588198
9183,285631.1974362506
8065,127357.3063528198
9998,215901.04364716267
4286,197795.02087026485
3772,259978.59153184178
6954,320404.17409986607
181,401558.3245181239
3538,345991.84645438707
6369,198349.03288034178
8893,210438.3478655556
7028,247216.31213202086
173,116620.28771377167
5883,212497.76887792815
3474,120560.96024196842
4105,282241.32501350605
4125,155204.72180267647
2092,332461.6844859092
2831,384099.8039844842
1924,192931.51921366277
4893,200728.4120326034
9194,437982.9955077844
2451,287976.22139550495
7924,382920.8594921375
3299,131430.09296837694
3613,197557.17584846943
3906,389782.4388214691
8536,178562.67019377518
2539,182670.62183649503
7483,207463.8324196377
3183,425627.08789332886
9415,68261.37413263878
3675,149760.17679537743
4045,128612.563831944
6239,109091.19166264485
2778,130215.46500273203
2736,240883.80704057627
7475,147841.55516062953
7413,99725.86348068732
4179,277006.28206716216
6348,223969.58073612343
8016,198459.6706925871
5619,90287.5438986354
2838,226816.32592760088
641,140919.31844323123
2321,224503.94809344521
7425,180817.6892964661
1209,365692.96420954785
2573,113687.57405548157
2368,250696.276914441
2893,184923.90586422026
2806,216866.38815018872
2282,135085.44333772466
7489,237097.56323660637
2920,293523.6317390413
8079,391518.0575728026
9741,187908.9054810188
6311,326862.1364565764
6273,144485.3962124856
3747,426248.9188844533
9882,255682.4742934128
9539,139724.55835599062
8504,255729.2062430974
670,142946.31452799452
1458,206820.0545485022
8393,317621.3731269177
2562,155949.0851221294
5081,322982.36054734705
2953,123579.84727061517
3475,221259.25252565238
2700,113813.21559214515
4342,227550.75982282765
6918,178792.1649087574
2417,163103.87031170828
6093,202672.26338550544
2260,159800.44119753913
1268,214538.12699014987
6026,162614.42650049942
8420,150426.03122956838
831,491297.58515804965
9390,181861.82763154135
5287,388822.3373220913
7250,258973.56746971546
6505,275667.0311161031
2955,182879.31019240813
8591,210629.2608388919
5622,269379.41835217125
5192,244523.93113123628
2476,162005.9026460176
9185,256305.30378503905
2916,188820.9780770479
7007,196765.16824530842
7228,140950.43997637043
5048,164392.6837607478
672,131311.60160095143
3019,187105.2759072784
856,233794.96856635498
3405,280927.0146208282
335,197764.7144627654
6661,136216.3297652319
8189,170927.61503919325
1055,294441.0953008834
9573,197864.65578234618
2143,220139.41361405162
7926,198161.65350302873
6904,142430.84435736472
6842,221644.66145222756
7133,179271.9311965327
6680,211012.66795672724
1041,139556.5066058937
3015,264272.97254037403
6547,149985.81778665396
3610,136230.89351923033
15,126153.93805747187
1110,99174.85612541364
7219,241574.23185195634
4761,296176.80148122844
3361,179023.04702519285
7516,463058.73555067193
3016,166297.15387061576
2948,169840.8550576663
6787,198310.1399186241
8806,240511.52789757214
4425,267543.37696527113
6812,339700.5781033783
9176,147256.87036091182
2785,486522.83600171626
4532,177549.33040936873
3399,187105.05720652422
3433,190098.6640831401
8035,183408.21690469352
7858,240888.58511446082
6427,198180.09639024056
5816,248595.64465975104
2549,144364.69155992838
8791,387406.6070941459
4135,300381.33813735493
7341,185004.47879789709
3505,356110.0220047619
7868,155574.67070358206
1154,185069.0754103457
8390,287299.8459662811
8705,211582.11393154223
7376,370714.0506612192
4501,227396.93204687678
8309,228086.17998395942
7527,175845.15069115054
4898,174932.92987762758
2657,201179.56565242505
4266,270565.2658583981
5437,390437.0799067458
7096,354374.01769992674
7991,359016.45956326666
5644,122281.58648300669
6013,207308.95143462621
4070,231853.62857684857
3022,253805.9412929866
1915,244753.18859890284
8748,403902.4528789081
39,197110.38497803945
8165,195219.73945712837
6199,220526.21047472328
7032,371530.0452625992
8018,300392.2027401195
63,216130.43606004235
8543,179323.05087840956
5128,171220.1208942877
7943,183509.43819760592
890,378945.6185173883
1545,159997.11027147088
2352,310281.831993236
6643,266664.4664758696
804,265960.2733567864
3267,202103.218822275
6668,358171.31328103435
7251,189198.07632747677
4546,148765.73267908406
5690,193631.25683730125
7092,167786.30876709256
2799,191551.22156219083
5117,206283.33730384044
9711,174129.54016236484
179,331247.55946130067
5941,137661.11781733428
2979,234040.4916599841
6933,420097.7547829316
3607,277522.74153335264
8969,373637.1287927549
9448,207213.43032870576
5775,178633.28589396918
3027,183708.68084849682
3269,198389.98242842188
3999,87985.66900559887
9947,121575.39492631117
5419,199918.14928305327
9325,189532.67051410332
5568,201592.02625261602
6853,146444.15520751668
2345,334772.8385589095
9354,321815.75670187065
7820,210104.3280235682
6642,150870.31381337225
940,221434.20536301887
9586,159055.67303400656
2856,156693.71862904655
1113,184119.67600787777
6580,182291.62741929217
685,151313.87389320333
9892,204019.73069195249
7630,189848.53693638195
5856,212198.1226517928
5191,193280.38547067775
4702,115906.8778096495
9402,258425.72475776827
1066,182977.38826465502
6420,159983.22369707123
9580,354021.7021980952
5306,384375.7560508981
830,146060.16285373826
6801,229509.15133937862
8134,185231.0514237671
8266,180928.02156272714
3549,228997.47186183222
911,136289.14546747602
540,74155.5699474458
3654,167838.19989218577
9478,255908.03612721464
9853,143021.6178895284
8238,256181.00591244915
8478,232417.42832267447
5548,261806.91662355943
1354,286948.3943471675
5698,168770.17465440923
9146,286493.4853819259
1996,336042.5973107796
2551,125111.80329519958
7467,229407.1574933345
7404,312782.47033350717
3894,174798.46365015264
8143,219519.45845520875
247,156528.25070429815
7838,269140.6672787069
5116,288640.79748067923
8598,285864.12870305835
396,248884.68105723496
8364,144725.5118035372
3649,261307.68266894648
2237,211882.56585696116
1989,287341.03671123995
8571,171447.70216901568
9653,115528.98769872593
6658,351702.32978313643
2981,152281.2509499715
3435,189295.6880608181
9062,186974.7707311791
9558,190146.77840390193
4228,174672.30512021517
7074,158445.55072161317
939,191940.58998503466
5817,306463.43825539906
2777,238254.18648127792
8048,147074.83094725813
1711,116354.67739712559
2687,229204.13737124988
3976,246713.94455378834
449,308124.3824751015
2759,115323.78312632615
3436,191624.80766908193
2301,227149.07660287502
1373,151988.08966871505
2037,275675.50758034777
2705,293102.00830720435
7657,117909.03823864849
8739,170967.65770212
2731,97861.33798847326
779,254216.18229889747
9963,310194.2553789521
8227,250942.84539839096
7541,266696.1965215123
6235,151220.3625844296
4339,172604.7603192971
1591,324887.7407275583
3923,431700.41448280425
3809,451820.6172948194
2443,290846.90429551643
1126,219446.1677019391
6698,188756.97804002347
951,406564.83422926883
4641,506049.6097343924
6757,202480.18614625058
5311,219533.95036117206
1473,378976.15618999355
2124,243305.7758313128
7167,102300.07046613046
2134,151015.1554078802
6330,127470.79558313118
1440,187901.19469450013
6339,179727.52154818547
2359,115228.09928401076
5106,343200.0318473573
539,248622.14746915805
683,184503.59568894873
9273,196711.33406152177
9809,447300.9028912463
9902,114889.72710647745
924,358703.1666284248
6496,226657.2972250436
7593,270917.089990315
1219,252124.09313533336
9690,215691.59717057183
575,294667.41843686864
4929,172269.1961156495
1375,158424.7803928979
2044,299117.86549087573
8797,134749.700781108
4098,165985.33506322824
1789,352815.6353603574
7071,243497.4001862056
4430,208398.92241776598
8450,125911.35293923589
3916,201560.24805917506
1242,181088.49801533448
5588,174455.34177080702
8337,144847.60711135727
9069,176473.09133510993
2054,160779.0455973856
5017,216437.00840689844
6589,239746.22428060992
9068,152653.21193574165
7365,173307.26131569358
8357,169666.82805440595
541,402755.4601086228
799,178692.08666892987
678,165418.75591193355
1494,321763.01309233985
7613,69689.03481294232
4201,151242.20130303723
3311,183850.1995361065
6798,227893.3876426127
3527,182689.80739472152
5240,219568.1702828557
4459,157254.63921291614
1170,295399.9917408054
8970,222566.95062077968
2830,286842.28198860795
3877,214406.85867874292
6596,196984.33175767807
2217,175027.77207776735
1675,151821.54598355514
9442,141522.4199412627
1830,318744.014462645
6676,397931.25409903034
2896,199908.1294904017
4071,174653.03109810146
750,434296.59958027484
5379,166613.0439969788
6150,159689.58370271474
8218,222333.7139867168
2519,278926.3787267899
2755,167629.90317300326
5768,211085.32342536066
8214,223490.25855475003
7811,116748.42730019527
7129,217135.1942894495
7337,167752.74470957957
2039,158023.42839120788
8657,203449.33388663453
3708,189035.88750468043
3739,411566.89395093423
8808,224506.9198451199
7336,392801.70703159587
5430,307445.489830755
5560,243446.11363688577
8688,242003.3251043291
529,412007.1155967619
9982,218395.02646447025
5335,377547.93980993674
4619,292747.09474078804
3854,326497.787400002
1100,252123.32945287053
4772,243234.76206730184
5547,173881.07306285592
6907,127715.53881424923
8272,264648.9122972405
9429,152979.08827447114
9289,253670.02633307764
8737,157395.82493162056
340,476227.60059646436
312,64924.91813114024
5727,195825.52054769613
7059,225887.3686703826
4372,122413.53310221453
6088,198954.50202703066
6329,128798.25466369478
3982,151274.21030831707
6250,240701.27682040146
2557,108293.71290404173
3594,163353.52257299775
1817,193592.7039460305
1404,194794.4840271759
1166,145440.30772105127
9433,109202.51128899232
783,182757.99921362664
257,129523.3984875059
9262,196844.65363879682
7962,133869.190244994
4365,273844.5724228429
2845,179302.178383387
9616,171621.4546754436
4177,137314.10823043445
6664,245361.51816456695
8616,269829.6258465899
3066,250336.95337833255
5275,369757.6842025231
561,187535.23634822314
7452,221567.83307925987
3195,182636.81269594486
3846,208547.74098357587
5523,124152.51686298761
1991,227276.3167455685
3044,129029.9444159761
5033,136483.66519822125
2223,185521.82806209772
1064,211024.8213251228
3419,237779.37399353262
5203,181385.24985443396
1439,59633.607911282736
648,202616.11041923187
6168,248520.41127016005
6981,249281.68218182313
4213,185862.86937874678
9722,186527.44852322422
2961,144219.65672987618
4701,206164.2655270836
3816,167261.4917160246
6729,119198.72645573775
7740,112491.1409491833
3408,222587.2930231495
2863,224941.5616941892
7501,247248.05172297193
3039,179137.96696146936
7869,116679.93134647196
333,180692.09274083527
1684,139936.6217473949
1749,212630.41442739015
9816,126677.49766395237
5595,461234.0578440845
407,191606.4822357435
5100,382439.82042215735
3221,190472.70029512516
6376,269332.773072235
4249,276498.4421698834
2503,124145.61250886053
1707,117253.93085670541
741,255915.72927413447
2250,167596.74845939555
3302,240038.17863461396
6560,179192.4889011073
7375,386544.84711021633
3085,319432.6122025158
4754,327864.0587785431
8790,192705.09074110194
5251,268368.2067674287
9445,209705.7816389953
6841,182794.5678557708
4542,166412.88459292377
2094,258383.85184362385
197,262063.04919590865
9432,134563.24119773347
9284,171757.10392153476
8779,146202.62792290997
405,272731.45464560867
5878,226706.1566237883
5316,152373.5089153863
9536,308176.1027002314
9551,187377.40896436264
700,403562.37191704503
8757,248682.1298217083
8444,290829.3936320402
5746,289452.04792181303
3470,136337.27274103242
7102,255071.08927611273
4867,140177.37187399797
4539,255095.63492693176
510,188223.4720908256
9128,174422.5981920261
7075,326304.72174947336
705,216456.50489561955
7543,177957.50759211832
727,225104.92033406202
8210,168045.59363342644
7901,185466.61564308836
4759,146752.38875055805
9123,252461.7749658544
5786,274853.98052479053
3268,171959.65339736006
7464,237107.06182409875
2905,241963.73175333222
1018,175241.271470063
9094,267143.7239382062
7866,121093.28592344577
9468,198103.74721877603
9971,143645.32165411286
4665,114324.67599441581
4310,258821.00036727844
2555,226409.80209804472
2215,180449.57749366917
8509,92755.08281725341
1928,178038.45072438952
3387,230481.69474186987
6606,258921.64878929887
2156,502512.78314218484
127,183301.60082851708
5454,281430.71549884585
4755,228405.65715080735
8871,185180.99491697858
2127,187994.60549639087
3067,196540.65978035267
6194,151323.44492079175
893,134004.2866271529
2572,88012.12699841117
9766,240695.07291571097
899,214406.00790102538
8674,144768.17950740305
8772,507713.9681398422
133,295254.8941622574
647,178758.8190503701
584,302867.52456776757
475,192905.29221723942
5249,197476.1269005858
4392,182767.63166775613
704,196087.5285095646
5201,293155.1907675441
7277,181896.12237432817
7290,197755.24442911483
2376,184804.18667427517
7239,185940.74895584123
8776,254233.80540031157
2625,279838.3791711675
7875,179535.10529029407
1276,140195.14487931834
4466,225721.74029474097
255,186477.78672127012
3682,174997.59951594783
2025,363907.4188093528
1426,95775.37441479301
1496,207668.07276487845
4401,224224.94592352826
5417,169561.85476627582
5056,189098.19583637547
9515,202800.5901576
4278,379399.0286869167
5871,228712.43111200587
3983,154503.0694022221
8183,195526.62890961368
1981,181191.00751803085
4573,164414.96606565372
2578,267169.82141148
5474,225562.74867700675
9385,183933.18972647353
5064,248870.12374690396
4581,253149.82290501613
3506,158489.9031159659
8845,168610.8109525393
2670,79408.8782726541
7743,228530.05894578062
6016,261396.43434692087
4758,138246.90093055964
9544,171988.0953843654
6681,133268.5675116177
3362,132982.3002000769
6281,223545.52806820066
1146,185255.08671589068
7662,128827.59559714419
9846,320155.89190454443
5098,346720.4059094179
8164,269283.4977527929
4233,120543.50172236787
5870,384562.6027990874
8652,89240.334314114
8199,205686.7730897482
317,190687.37084575207
5009,193893.9706194582
3769,179001.93699183545
6887,205797.23861937178
8487,290014.2964329878
1002,192592.74389301165
632,310488.02063672646
8878,182912.18791998454
2002,87372.93504453
4961,156882.30130688113
3611,208051.39600540054
4595,176861.6306728311
1960,121274.17660557442
6028,197080.87289555813
6338,139441.23347949688
180,112391.13973604952
9426,347749.177869404
8990,550234.8457378602
786,354188.35534108063
1957,294701.42696140497
1182,194863.45798339607
3586,239793.17940821545
3414,284384.2850637856
2185,227452.67128523902
9514,340038.9939260471
8663,179137.96696146936
4268,306624.3819988874
2769,391826.0685116141
7905,76919.88228913187
7563,132875.91906587977
7477,225259.21471775864
5376,112178.23616583511
8497,237917.67619797902
5792,84220.95756730714
962,148524.27903924178
6146,146259.55357992323
4536,195884.2926792866
621,132403.52166667941
3996,287194.3255598262
6191,210705.4593615858
3780,160254.71754294712
6611,241076.15845213417
5421,498834.65122452466
8971,136299.61915306802
2732,92605.31092767783
865,113572.2029477862
7318,199877.43316444714
6671,217055.9323293499
3883,245962.67364781714
9891,185641.59247125406
9597,200433.29011702584
8495,205265.64923522307
439,177802.0816548171
1424,212812.90983852406
8804,197221.86440166144
5214,165914.05942594676
8624,337376.2420967442
8920,185125.5711777635
6968,226697.61523433478
8905,200535.4737312505
5478,176733.56229437568
3536,153843.96563463777
9731,76478.52585871304
1737,387043.94849400653
3581,220976.81616213647
5188,160798.2710823609
2663,294302.8006113977
8991,188228.77346771432
4749,155906.18132781418
5722,204007.68252126398
1766,247090.54633383924
9201,182310.49987304382
9304,100679.27176469295
7260,223155.07456857438
8670,147674.84238260143
7547,316868.5217705405
2432,224851.0851078816
2394,181463.956100085
5946,209603.2220747756
6690,207507.01600406977
6883,123372.68834274395
5821,138660.68955430138
6826,202247.03930390638
4802,207264.93968349678
3496,206728.69168018445
4725,160757.09586519978
3580,178290.052888449
6564,171608.15253803055
665,246809.15103671417
9456,173089.41156914085
2969,122477.36506461231
5018,131257.9578829865
588,212720.92856786956
6736,356026.10748010065
7434,138573.89584724465
5848,404669.16886129323
1768,389246.3254333506
3152,144555.72072544656
9687,164874.17811532237
7383,338624.97651269037
6173,241944.99535036823
8023,104456.15856995604
3554,125973.17295362914
9829,393103.9068066094
470,212259.4566255906
9144,201310.24418328222
4968,282725.8039491958
9357,345331.65448209853
7084,180595.15291749022
5950,169075.87083374354
5374,243196.8895180869
990,201244.20924445044
1701,329739.5486745962
4686,344669.6929302595
6053,199434.8520600918
1386,157647.54295937682
45,196308.5522996311
2897,105234.80530097646
7481,95503.82298830053
1845,127911.38079040265
5933,163008.6705838538
1849,150244.7901018955
336,188053.2153000787
1388,192812.77247726914
4825,213399.67175047827
9792,184001.5015725158
2561,148091.786542645
4712,201658.24434051476
7114,216065.00937089647
2638,261613.08268291844
6942,120750.88666890052
8506,202383.55659461833
6501,197078.03301053637
941,207346.6272737939
8001,186312.80597978111
9783,204273.0087984642
6229,200543.58551657817
3858,233978.1144898939
5964,171308.0039742356
28,141990.72048161703
7750,263096.75398410234
4529,184928.42397054887
318,215744.80182509343
5863,281930.51719316083
7377,250972.2115921039
7349,208403.70147993832
4371,177344.0143635141
1734,182478.1890140777
9049,193331.2322182012
1557,143965.6668047577
1042,173158.83720680335
4140,195153.48223828265
3442,278216.2815434095
3355,343401.18778725376
8630,169945.78480028617
2311,234705.623256562
6554,143802.5844054575
8163,238982.72570033086
7693,234271.95564835114
135,187649.80990605112
7024,310504.92561524484
7067,209366.90616630606
1947,176541.31850458006
2855,68137.32921182527
4799,190601.919274402
4956,445171.4030331073
961,238633.2200866325
2190,115816.69680717621
9913,126294.68723515318
7913,91686.78497193164
7581,132261.08083862526
4114,175130.21862352762
3522,211933.4277134527
7370,206597.8085970003
5620,135168.9974862072
5943,180101.26143654017
5550,241737.1743077472
78,185595.75809515206
5887,119376.1868520947
7256,123579.84727061517
2593,151508.5493005103
5604,159041.40921649148
8489,129462.6517508532
9071,133776.65135703873
7419,184217.9223464824
2629,233659.6012343998
760,196948.08106923164
1082,273975.1440223375
3712,491845.15431355214
5992,170193.63733255555
6624,325973.7369947717
9168,169365.20109015933
2255,252691.80808647533
525,338817.669714049
2083,109133.03452671629
8931,178067.09494735548
19,126533.54498296563
1036,364362.7348480096
2378,121951.68599635374
6305,198310.69580742528
4731,199807.28240690273
5654,211755.5716120785
1456,187851.4295736636
1432,188182.36064479733
2425,275878.8764245062
8784,122501.42037663814
4219,126674.75015708829
7912,203813.16442258796
115,194088.80183031206
651,163189.40487144905
6211,176057.07040044194
3228,396794.1089581094
9922,129516.61794728773
2844,198095.49760363027
2001,257883.53294952895
9506,158766.676763099
7298,154228.26912816486
1309,234161.11890750044
4476,122236.60639624456
1345,172051.06584245697
8323,107387.42868291271
7744,141972.05205827992
2574,159244.21923319084
9223,164884.18534173106
7713,196225.1100797199
9401,404603.9631488802
4764,254786.5415587475
48,126128.69176760112
7755,238429.66680291196
4205,177401.61228401386
5689,171417.84884501787
7494,162556.4433067551
8534,128557.58615021013
2763,213148.14978602578
603,239784.07899143457
1577,196613.52209596027
9431,413180.51022841583
3972,242799.52796249074
880,189517.97860316525
6738,271265.6709135694
3051,177502.198604591
4257,117183.84268890286
1537,169762.11278592053
2966,127864.14956153287
8786,248800.6323344688
1038,308028.2684957151
9053,193940.67052178868
9077,213638.30234896936
8418,207930.19833271246
5250,199145.78711073648
9232,188379.96367951864
6743,234873.79464930133
2635,237124.1007161964
132,212916.57323267142
361,144363.49361880822
4875,186249.36920198947
328,190116.8418727574
4061,251700.95569204932
1380,179744.22576972554
8749,187062.7494446905
6494,269147.6792053739
3530,181548.8084167137
5280,296726.598417318
9409,221452.4052448254
5129,291420.7175264758
7983,185461.67869095455
6748,312144.7693861964
8912,151179.71913578126
9950,70345.64124283407
4952,247620.6120916815
315,175344.79325260443
9621,239862.63341379337
2650,178974.15519426775
214,190363.0000769716
2256,187861.27247496074
4663,137380.1090355788
7418,285344.6139210211
4432,169114.62027985978
7231,177976.5345783367
2882,251365.63620666353
3666,271396.3340881653
5777,242348.33801615477
9988,231592.6070940858
2050,199276.5868805814
2832,210492.7027330278
8331,244342.8756729033
492,200242.20859355302
7864,202104.55720466026
5498,455331.9111415037
7273,208842.02087318458
2354,471169.80953257874
3759,357598.56594064325
8625,188145.39901594468
3086,154599.1120948805
2057,181905.57798186914
2922,99906.22022726166
9932,192383.1131954434
2366,194228.47644651806
9619,188022.37946213203
7176,221740.85293908985
6625,205405.20840757506
6117,131860.8711910946
9610,97777.66428213564
6057,198674.7693215324
5011,251983.52821449688
1536,397404.81013252574
5362,212639.6321339073
7019,131688.79543068656
3561,272635.06638810126
6992,236413.9056409611
9255,343608.1260834835
6007,181635.16330828954
4726,145076.60104856748
9364,215542.0628782752
8923,181154.74593557304
4402,194364.9722080995
8611,185895.12817565718
5732,211998.07377204066
9769,261306.0942023326
8220,534256.213849655
2470,206251.6954034169
9129,177371.3941383472
8958,182881.608700173
1490,116533.94132138367
368,171304.29225472422
6837,165609.3490005361
3026,178095.6388466246
7213,358044.8894818032
6946,173838.88393193352
1376,141495.6804286259
6147,206513.46968321054
5229,113650.45968794417
6749,142288.270181514
838,169039.7607169885
93,125543.63842837496
1644,204378.72283285018
6247,140000.20246747037
5320,166393.34395775184
3153,104043.2265792334
6195,154188.07955660226
7931,210739.19274307712
9275,211253.38528763966
5271,154020.55099761407
6996,192579.86728500653
9631,184434.02843328172
6600,281306.47193049826
3632,216302.34733083314
3930,172239.69269944818
3091,246301.97261580906
5571,173884.12244491646
640,200608.95108681076
2921,214506.467022562
3588,386929.87440454995
5540,207983.65764663913
2384,116960.58459060508
1143,234822.9750823003
2435,184023.60768209948
6650,210394.6654735867
1246,194482.07143499522
9755,343477.8093009075
4341,129149.27373875634
9798,168080.9798128865
3619,158265.89586420954
6174,285556.7602533245
2129,200300.57014772703
1632,135383.3288981719
4301,190817.5053857155
1618,245251.00586032085
7939,125201.2461368986
6796,160548.9981872272
8863,322862.4834556351
5272,444076.78785674734
5284,207668.07276487845
207,177550.19364183545
5444,134606.2938735467
1266,345573.7875516602
7608,237446.05495542125
5382,378857.66259122704
1585,167667.5654475558
9542,265179.3460336108
8913,213002.27092869682
4533,153182.33981832868
7324,183850.1995361065
2108,255697.42303911896
1008,169020.7591166578
9027,186389.2346875603
622,194177.6402914491
3356,85360.74889213139
5579,228202.89199691374
5919,266999.7361067065
5616,188006.82510174418
5012,151320.48594939394
5553,253467.62021809028
1048,221347.74090666077
798,320951.50835416996
2956,217239.4049513025
8792,141828.4190247181
1310,143864.8542471136
1755,150278.80442559172
1412,182278.5651527112
9723,236205.4184404829
4220,232634.60307952744
7847,204271.3499245958
4320,127747.57287600797
1562,255350.04504253395
9964,122405.36626800639
7569,135940.69845268267
1822,151704.5851721373
8064,224947.91717853156
6579,220302.31993935196
4677,217186.07140119237
8606,171072.56001248036
7396,195479.86446471763
250,206487.14058656307
1667,256349.0066071602
6563,148410.54695897945
6689,106989.14173114848
8406,196448.23773893344
4768,199560.15142151975
6502,90586.97587145674
8097,319617.35426708305
6821,219763.81095350764
200,174505.33838000515
5537,326837.95617752144
7468,151726.9866598779
6740,177816.042586441
3955,430532.21986215597
7301,185115.03682291092
6663,273223.0912494388
8576,153466.17063138183
7307,210827.90739832082
229,182805.82490070106
9337,154963.70017822992
2175,155845.5596050654
9889,198686.16922690705
6780,251543.8342891139
8470,295429.4107491827
4408,171329.3667619475
5145,360637.3621625951
5586,162607.55506373828
9794,230971.57292668518
1850,380587.3070236524
5934,193118.54882450763
7226,386971.46420578955
5587,218383.95458539226
2779,333728.429964386
1129,116713.08827107627
4356,233016.6549942743
2823,224312.26812613005
8554,180679.64070760037
7990,167441.882712309
4527,162492.339740835
6177,202860.32746689496
1500,454694.61751270626
3960,194921.78510432015
7790,157260.6008451963
7827,101240.51429716771
1825,222429.46709815782
5841,140223.02183366093
7828,315941.3442486133
2266,244855.9551913249
5552,432173.1137420997
4017,191078.54273108882
264,148500.01086983076
4359,299715.0973480092
1105,291446.26398791175
4859,180313.4612452097
1584,422120.0117658219
6021,292331.91805953253
2428,140153.41309545748
7664,194154.80774653592
3622,284129.76409268216
8472,134423.25801116438
8690,203685.91201263943
2095,158441.48850464023
7649,251628.310669309
9467,173510.64134427859
1851,171026.17602165122
6383,191510.58497700916
6771,120543.50172236787
3689,217855.31887925183
1629,207947.57714077568
681,195404.74005345587
2460,178119.9098696
3719,193691.32427768674
2502,268612.15950280515
5142,193741.3936572427
9904,177833.39521082025
7036,220299.67199926035
7482,209718.02165416317
5239,160539.6759031108
356,101828.83067629903
6731,211043.46838636568
1261,505941.4261129572
3139,158899.21125748332
8090,204421.61394688452
9505,224034.33372755334
6745,229803.64236330756
8525,487291.0386538663
9985,150730.33138632777
7421,215109.54864537745
4518,153798.09683060565
6991,181606.26066397937
1256,92986.47436241408
3784,240677.771055934
7909,209865.75580502008
7287,158283.48030206974
4007,165870.49562868
767,162221.7337067935
9047,164670.4634450679
1012,126533.68457043322
4763,181801.37086439977
4519,179753.39280585104
9520,304846.8934434211
6258,122648.6292720897
2299,249465.28366358412
5027,239803.6409372301
4103,201926.12263887736
8139,135181.70388310528
9632,270866.3287915555
2608,71711.02944737728
4171,199329.55003322396
3054,122024.47447140174
3305,156626.2762160008
6254,185213.1999662446
944,466912.6013144958
8147,242301.77296176323
7902,286436.29759214877
3463,164984.79438026398
744,159377.01328761375
3048,400553.0692828408
6405,186518.21117459086
8567,309247.53902416775
5246,138551.32899777248
828,314765.46464805043
9681,228483.60058735817
5089,311970.12982944417
8490,191911.7161073898
9575,212635.35272387948
5024,196411.94502691165
6042,201122.98259271905
6134,210066.2388475819
3412,185220.3880285002
9219,186456.85848615933
2453,248429.78030090863
9788,280759.9450895086
7818,129938.09219469037
4126,175860.98015991872
284,135090.8100352015
2036,151331.07390260242
9593,107157.28500827965
3876,178211.46076890657
7927,215906.32802368124
8664,382473.4513216436
2942,72151.24584581803
379,185212.67275099645
5196,176451.28801602824
9480,200661.53944642167
2866,99242.69407911951
7778,163202.70810737842
2355,195477.45950776624
1288,197659.90558471816
5035,137592.90097215516
7667,114642.26536677226
7752,291938.78236393246
6208,299838.38626231527
2103,113399.69030279876
2829,140802.59676546702
4516,411979.2928265946
1868,98147.77473623902
3441,170356.71571558906
5656,251842.94957751033
4005,220008.6700977613
1286,207188.01909362408
5388,270963.07141624735
1866,377082.9893683987
98,211939.9776093594
1982,259699.31406223823
6769,191540.83214881484
6087,141202.67908075516
5522,242613.58712483992
9497,295228.2801227169
9260,191851.6447501216
1842,339639.6842861533
3544,175611.82059416737
3321,133240.2138038534
1776,177097.60355310523
5140,151835.42719109153
8886,176767.09393976003
1035,205224.84261776163
3235,149077.89964284364
7363,188197.87388851144
4966,221129.2552665157
592,220121.34840167136
1961,178358.49340436165
589,227951.146849128
12,215847.59710391858
1530,220661.39669570694
3262,145677.63366610595
3579,226883.05738916906
1495,293038.8710507779
4383,255208.0800776455
8301,316905.4142256724
8086,208739.81381839898
1878,116912.15190134122
1507,132924.2466690822
4130,155353.44482916442
3169,324092.73337509145
8965,205786.65374384198
3043,194774.7199587024
5115,386096.82708113716
6694,177096.77522331112
1108,219460.18784078205
4849,142282.85112006552
3840,179601.8356439341
2164,72833.55474199058
9836,148366.83243619796
7891,328916.99605918606
7627,190944.0492144198
7625,355566.80903615354
5276,150251.2127933471
9032,167719.4726683232
776,528894.4920789418
7623,147798.1256696269
3598,141947.40517293735
4433,169825.31615555662
2165,183059.7964122118
2627,46369.916281441205
819,219524.42698118484
9326,223819.06893285527
6972,192924.43261342248
2913,152971.95848583084
7120,192224.57264346402
7012,111384.55145848234
8125,187713.60482568157
6186,184564.7579117079
2925,171132.33836854092
2900,89264.508806112
532,203202.42217761275
2280,240381.71898832603
7767,210093.90845854385
8707,116487.93989475368
7001,225261.62450942458
9938,214784.2548678824
6982,356280.4235505038
2837,201990.82577330671
3680,200079.4345661436
1859,278179.64130009245
7964,148859.81150338764
6984,210396.12443196864
8765,307176.6967985971
7656,325751.4429935848
3204,339439.37434417877
6978,166794.43145715
4800,210171.37345402886
8117,275013.239430123
3847,160663.22929084778
3042,154497.30400003056
9672,137280.202570012
8907,212399.9219757202
7041,114785.77429603513
3378,214114.30074490077
2975,190500.4494409958
7558,156708.88569667272
4292,167208.4400666887
7955,146791.05042309227
6552,157692.21514861082
9298,216345.4558794262
3946,98758.88838891285
7777,95458.90632647256
8508,365144.81275466696
6411,155249.08546270372
349,166362.80420375234
9254,114874.929572058
619,258966.75284891468
9088,228173.80168711595
2560,283116.7243904372
8829,146081.5756080026
310,163906.97376893996
7168,269563.4597374325
3771,167822.94459914378
7530,339251.4229598858
8929,200942.55725049574
3489,189063.74635020032
6043,181531.6295269183
4620,167722.62562860592
7789,276171.95261994697
2005,108688.4249682136
2018,315482.3612360931
827,113437.87361433663
7177,288059.04061486485
4728,206699.97204866068
7539,101849.42952021676
745,174456.89860967643
8758,176332.68246310845
4693,181785.43504244063
4900,109859.16824504614
9127,315073.3648928943
7097,229703.87938765984
506,268965.52388286026
984,329152.97489221685
5066,183273.18759242102
5938,299899.3336668777
376,141194.58843626216
205,172790.25152945818
6307,194743.93257148392
6032,171413.93493880605
418,163358.30096198193
283,233970.7443298021
9196,93577.46162153514
5755,186036.5293553192
1140,160637.06831926978
5692,203599.8017725967
9956,211090.75955459708
5697,203116.49188945015
4554,172165.25818492018
2023,231418.76183459483
9034,419217.87980107346
4979,154068.09795023926
4722,177495.45810940195
1902,225320.78714027768
176,191934.78233251872
1550,165309.71909280293
1502,218961.17784114718
2014,152677.80599818545
7779,242862.7929402365
8093,130398.27813950014
9912,194106.1547077433
5260,146830.59895031372
7982,148799.98227322195
8637,440123.62633930927
5264,295200.6201126175
4580,178686.31164283073
8566,273704.1976462812
4958,203685.91201263943
5236,123556.96551881872
8835,177364.365448979
2263,166932.08901136354
1933,177556.5429884284
7680,202612.33828818877
6474,177096.77522331112
928,206996.4893112765
5869,112567.7938642166
5945,175258.74417014944
8898,175308.58381540028
8412,343323.0515838931
4547,248461.09959488854
9242,183557.78826269155
2166,344147.1099195498
7733,169708.71864103334
5315,316643.81161743443
4030,156136.87954452512
296,211488.46531452463
9256,258806.39822064026
7157,184670.9569059685
8012,199007.7678138602
4675,135222.0971594191
9877,275747.8258303472
2090,185835.85677080968
3025,130530.47397000832
6761,148038.1905929584
4035,311312.60257746826
2802,99662.63437541603
7115,115629.69437124705
3209,143175.37493044932
4899,259829.66442750447
7622,140225.61341654518
17,165357.60701402754
1151,268734.4654226778
6371,141166.36795783666
9883,286185.9540516624
7669,212460.22265929228
9847,393124.55295999086
4943,144585.6512034164
4538,159436.6561991452
2122,207609.16600636585
7079,177922.9153734873
8583,220285.11902718392
9943,94823.56106466668
2197,175877.16349475118
8297,124232.51467131193
3279,229895.49515043476
7069,352011.6549793893
2192,449869.32732271263
4561,228257.7316226287
5391,217234.80575557036
346,169554.24578990374
4598,139600.15949614192
833,170261.92658339054
8744,171133.01416030692
1491,330423.1218665087
4661,196428.75277151706
9557,207268.6688663842
2835,276634.6881472346
8853,205665.10949217257
9817,158690.55425590253
3055,169554.24578990374
6384,201330.21117841522
2445,333046.02675492724
5618,194821.0926697874
4313,107389.13413288593
9523,105514.16404666647
8389,207213.50770955885
7736,105856.63304562529
8544,320806.41813528625
5879,139280.7267817727
2679,193701.74073917326
528,170339.7136350576
9117,120626.75461567397
8822,369411.41374160495
7411,194578.03370676495
7540,237128.4245416579
9338,212085.7046574105
9356,189876.9943183137
3288,170439.2323391595
7116,150142.27609272947
1525,220796.44747657407
8384,106979.22898072022
7401,379703.73605660204
9636,172615.31273214184
3669,175422.45934622336
8114,195998.61446544004
7016,172081.5553917057
6441,174916.50151562513
4415,472419.84478331933
4422,174388.40822942858
7631,291734.64902449475
4634,307384.26359494956
8209,113455.80156891652
4335,171926.06176228705
751,140802.59676546702
8781,179678.54407599833
4584,325054.25688818103
6415,194355.9223308597
8557,170433.73291720392
9106,201589.951447165
2200,197821.99999524764
5032,155157.61846937926
2965,121981.05120860519
5662,124519.52223207314
8872,191157.10083395522
347,200293.9924239055
7517,143544.40874976883
1418,143445.5577817088
4632,136526.63575287527
4845,96482.64050733748
8959,300272.4571890563
1619,246447.40702467578
2490,285082.3968987077
7698,204333.2445845749
9491,180670.9731138106
6861,234485.78869080098
8258,182623.6052784463
1653,475630.4867014891
2861,247633.24542488175
3096,240104.762410475
5016,186182.32969672405
7136,245780.78082169848
1664,121757.35576069362
338,182081.8989579473
8078,229552.3652624406
568,297117.6819778069
436,241835.98897772213
5293,141551.5796756909
8678,120793.44713732753
6083,386380.24785469606
4941,146192.00553260517
611,128370.42065403833
8573,182331.02258556557
7335,203329.6797373992
4326,348545.96256698447
9376,156492.51162269933
8335,275776.3657776317
4265,203120.89696725443
4493,134989.5552518899
3053,196869.1232649292
7073,149883.17990518597
5738,159095.20524711016
2499,270711.0078710166
3981,196175.1473912765
6557,178063.19877561455
989,144447.34716421302
9327,220284.2142335595
3020,219387.86672715558
9675,177273.65308489127
9590,288294.46145419957
5415,147383.2686241235
7056,211950.35961818584
327,143743.69594893564
5299,197908.22852109052
6203,205757.80577752265
5983,588926.7344365307
3413,82673.18573117659
1267,132845.16549188455
4901,189248.39267817687
1443,175642.10960631014
185,346291.0600957971
2010,128365.46887076143
7023,214107.49616719308
8216,170715.87666950654
8982,341287.5842687442
4672,217439.76592793985
1659,372202.53416722536
3825,112507.21271913426
7636,132209.1644382868
260,139232.4785804294
1377,202022.79846857127
5719,240808.33435552163
7757,199972.1296758938
1926,324861.4877728723
2960,149396.46311565657
6232,316158.46052159515
6903,142141.35661740968
5042,221191.17427163344
6551,176956.39297957785
1191,171914.57434138627
620,375994.8808870861
2803,156376.90328747177
9921,76764.12606125405
1805,119670.30084051464
9452,180776.87402131557
7387,137677.92868200358
9461,105921.00008282742
7947,141478.71822433872
3118,252902.8349274015
677,144350.6625248074
6266,506231.7397865514
8060,250663.39292848448
5166,355022.9069383547
9844,237056.32911016425
2934,145709.15066010234
3900,150182.59470486004
2505,193198.7656970527
6888,112226.95603781927
1045,357620.53180679196
4470,154174.46111764203
5309,246800.1350522441
4387,278695.9262820925
6358,113466.0458284214
6101,356274.17694754683
1894,399188.71880520077
7770,175803.4767103539
3882,235794.43730000273
2624,164092.18957380808
6453,172584.5101937233
8387,247911.51414466026
3985,112974.9830923822
2009,374947.69824341894
5137,263082.8349996405
1835,147897.94587546063
363,171715.9957966465
5252,166597.35183409776
1135,291756.4101465769
9870,174441.20604234972
1622,293057.3273218651
6616,274599.14618711674
4097,200465.05019693062
4810,320542.8164699815
6591,184897.760945401
879,249135.32557912674
8809,214408.91553113586
3797,180110.44384972416
7095,314120.7387402861
288,309034.2621348278
1020,139715.41012148824
1073,273019.3066322838
5849,246104.01472581783
5255,175243.02018938496
58,173713.60235580258
5422,255403.96880314816
9389,122298.52986282908
2294,135260.05723662925
3133,125973.17295362914
3068,126780.71603966033
7878,191878.10964042478
4288,164566.7099511712
309,161728.81273488412
367,201145.7034841278
9907,268359.8880752828
9926,202850.48012543042
9130,197528.85696974583
7283,502340.07349359593
7271,367321.89039105095
3105,397437.9740474392
3765,193387.81517239354
3330,184434.0544089077
1784,156233.44756167106
7210,260916.6394941426
1914,170072.6152255327
238,269429.30119282176
1983,164375.80136890803
3364,424537.3416598079
4018,196947.4427764643
8665,229979.64242604238
2576,165385.6811311526
6688,123855.46648942662
9601,343492.94091038464
4318,179669.42967644066
1742,94975.81193828167
8862,208605.66210247736
2841,61178.56983948736
7896,157683.6080994648
6492,341377.9754008646
5791,245364.1505091355
877,280847.4831514328
3520,133244.97684928033
9622,276732.97317188536
6647,246413.3708887975
4041,160523.70744661806
4995,240554.01040534477
5965,276149.87805771845
3046,186864.64715603704
7747,267674.0252793465
8830,200740.1893508318
3975,297085.36100242374
999,132116.55795255434
9758,132483.1442543415
4659,224243.13603498804
8856,177641.96472306768
7214,210977.65572715664
8892,306176.8741878258
7492,222825.94898456783
591,150434.28016512826
7870,221729.8428923502
6603,162075.66945023264
5982,210113.195296849
4851,181727.96100452065
2322,180899.7430777691
7643,90537.20711314384
8257,195441.58698275255
849,284028.6383393162
1821,171935.79305560328
417,120997.3474830324
8832,207013.77652800505
9799,100003.75281075141
3761,157379.667549165
4155,177071.1038379822
1823,245519.34562974222
8827,214426.44604760065
3167,142530.15523075804
2412,206765.9348708854
4606,392440.7651784206
8656,160082.28478193417
5663,102647.95869286217
2342,144830.3280945167
286,223097.78822151988
3843,147135.5664238105
4446,191178.63563469288
7043,172918.46557684272
6541,194465.42533530574
3081,411064.46039466164
5243,141968.97022856906
4148,494204.47161350783
811,257274.43914149393
9685,182022.97615551294
6452,351790.0690314865
3191,234363.70061530825
330,132231.11674422218
5611,121695.84879377575
1198,137016.68670084293
3951,447547.0837724963
549,245989.6999088002
9387,430324.27261169325
2300,165655.22670379453
3095,180617.18038546553
8092,218528.14209331636
918,153468.330994727
2601,236614.69948551236
4630,245185.82029274545
4861,157283.36752053833
1204,238106.38353321236
2673,142730.66476627946
7357,229205.6204946822
9750,151367.95092183707
8672,162476.52549656105
9840,171156.46330809244
1205,174681.97857932173
4226,205658.7537208238
4719,197431.3184016433
6507,313422.636869982
7178,102172.50770009684
5130,222166.56246997858
6477,197177.43255494113
6071,178453.36122482197
8824,239376.11749221027
7152,222188.2366816419
6932,190185.12669420463
8572,418540.7783061694
5831,139021.0539850335
8669,185714.3455601931
8095,180458.63161837062
3820,199971.3578470285
593,364748.8520003944
394,211547.2987499607
7721,126139.64992642007
2184,153177.68588457146
3336,223272.88484302006
8305,191084.00868728553
4212,118998.87087715055
1779,202466.04170574044
3778,106237.91646041519
5725,263200.12183445663
6794,207349.91990298472
1631,184749.40842396597
4260,437261.4913125342
3810,196221.4623480618
5517,268138.63135496766
4020,202741.60889082123
4689,189957.39327641213
8394,167220.67289737958
982,184905.85032259952
2380,238589.52403701856
3638,301885.9272295414
574,173728.6100671646
8061,196163.09675912428
6143,168484.00465449784
4971,96808.0832145426
4889,111849.99042457444
7505,234403.4596893872
9770,130636.22489257346
4480,237203.69288598074
3565,177438.87744652142
4403,331679.79099276307
2696,140736.77165510546
2999,156187.49130433527
7774,182092.03999598738
3259,191407.0854044654
7571,160319.00092649815
6645,143432.70769450517
7987,168906.26533193822
1560,154051.90111452612
7538,190220.11180950768
6610,213079.98859808213
6404,234707.1107472624
1120,102012.14227628452
7282,188216.00134861862
6569,184221.40083013123
8540,147160.80466388186
2517,76559.04479546392
4624,220640.63444339953
585,210016.703917185
1063,245876.0656232537
923,240623.468993527
1839,413245.6545610658
8681,192692.3250982168
5888,315385.987197469
7651,196399.8292407982
9142,340031.9671935301
8193,139822.42255705444
8975,474471.0186038728
9166,221456.9070926874
7194,176576.26328108986
1161,179468.23350267077
4273,333510.80420350423
3486,222100.85732582083
1744,114816.91044701666
1393,228463.48935643476
9265,184385.9417669705
7844,184020.84465044603
7014,203609.62739950427
8906,129578.52575836267
8315,152968.91492950733
9473,190623.6236340463
8367,192982.18682220517
1861,267398.9141660735
5446,331049.5940222477
9894,228188.71225314352
297,201924.49989902455
9637,186145.52418240174
7575,86669.62141289865
216,282488.8382924335
7934,206395.2288243197
478,162195.54556869433
2032,516102.52999478154
9532,170778.51907106637
2100,199114.36072982414
6790,243924.41195713897
1998,164089.85529125092
1156,191877.11855784044
472,210270.84926994547
3388,199346.9023842516
6762,171628.54751915374
4305,121771.44234361118
5244,199581.82159174315
9212,232474.3365846964
8800,139989.89174432924
3798,156610.45159904685
3539,264485.8395583954
9424,232432.63124133062
8417,210298.7342985729
8040,185913.6154762666
4187,153739.2540796729
7471,189494.71993902326
1186,211264.61138511685
1907,385164.15248337813
8848,195114.2639572914
4495,175862.88138939382
867,190214.25349279857
4982,96803.40953005351
5052,198701.28546728037
2279,211878.56426106862
168,146866.33850520296
272,179981.51378178716
9258,173286.80747560228
494,158126.45273224157
3646,182950.4162100848
306,238046.02247029118
5286,378430.39962186146
8241,218334.46899812474
316,162919.09815019398
8463,130602.43648728957
1630,155264.12303941484
4487,142873.54549087223
9438,167453.72078856576
4685,149232.19898851984
7253,211699.51295234176
709,183908.19770526234
851,215454.22052855045
1623,224551.53163322498
4145,199663.35837802658
3146,188670.28106032146
3078,323975.938621482
5155,202686.62437220465
7786,143424.068914354
5458,311686.1905944481
5078,219481.64908340626
3367,209986.72385971044
303,174627.2903073817
1270,175877.99911677156
5435,471323.2370166603
5127,164779.34178938426
6528,177236.0196387479
6894,278359.7624341359
1201,167432.7405528963
7057,199017.54391539775
8752,200420.07315485794
3500,178664.19763471826
3379,202700.79220256498
7124,138228.54626663777
1624,103032.76359957039
1319,180937.89308307812
815,212584.188168474
1093,157881.79132270569
2542,170007.18592824068
4737,119693.08554253454
1934,421237.0455358443
7207,351374.19009823765
7712,131661.34296449536
5482,343726.1137432915
4028,187101.1203772855
5561,166871.3089728111
5036,236610.4020401006
388,243174.03193001763
4229,346851.6007875219
5092,274036.16188331036
7573,178030.9883237874
8968,241071.09884993485
6402,146379.81613856036
7587,172962.06049772847
273,140967.55998577844
2692,143197.75304799393
1131,150587.532204918
5349,161943.6660010698
3927,118673.07020459083
9698,190085.2122113012
7524,127938.85834097659
4050,189359.93749345964
406,254739.24620325674
3134,155354.52642693074
4918,182939.3608089477
3127,160772.35737463034
7078,191169.9579014445
1217,148156.3217391814
44,117209.17772461293
8415,233178.64548969478
2891,293958.81033039594
1540,124649.49794168104
6744,172403.87984502863
248,150812.65544775748
2649,267081.5587960878
2339,155831.78018140598
1639,194183.1321819296
3767,162083.05491234412
8727,141743.09835088113
1798,193030.57974845986
1574,256043.39946751794
4509,118905.7703326475
3093,153036.94141099785
1014,381137.5375002641
6399,140483.99358380478
9247,150781.368564329
9026,202632.06625793673
5131,280424.5499549466
9190,277118.0161662647
4497,136156.04797098317
1103,172172.33578115675
7033,140449.06796266627
6951,142198.0856050879
2874,241997.81463094646
8535,188727.10642645723
2707,200147.97022807205
7854,305262.4060834108
1359,301584.42887758574
4805,224663.44943160992
292,235919.80366938372
5108,209289.12985427564
8626,475336.45185643685
8167,215019.71268732534
3755,340183.2211388173
7917,205531.6469931907
3211,272131.32153845805
3540,172662.89282444748
9158,97631.9983374012
8296,127377.70954201532
645,125076.53795639497
8283,162047.9831360574
938,245418.91969038668
7574,179545.67224651115
520,460373.37439681834
3937,227119.72841676758
2475,157486.50937283464
7153,286748.83706492133
7729,199756.4454314852
6128,144330.3177036332
9764,198408.97278848305
2569,160481.15312921428
